{
	"credit": "Made with Blockbench",
	"texture_size": [32, 32],
	"textures": {
		"1": "custom:item/farmer_hat"
	},
	"elements": [
		{
			"from": [0, 0, 0],
			"to": [16, 0, 16],
			"faces": {
				"north": {"uv": [0, 0, 8, 0], "texture": "#1"},
				"east": {"uv": [0, 0, 8, 0], "texture": "#1"},
				"south": {"uv": [0, 0, 8, 0], "texture": "#1"},
				"west": {"uv": [0, 0, 8, 0], "texture": "#1"},
				"up": {"uv": [8, 8, 0, 0], "texture": "#1"},
				"down": {"uv": [8, 8, 0, 16], "texture": "#1"}
			}
		},
		{
			"from": [4, 0, 4],
			"to": [12, 4, 12],
			"faces": {
				"north": {"uv": [8, 8, 12, 10], "texture": "#1"},
				"east": {"uv": [8, 10, 12, 12], "texture": "#1"},
				"south": {"uv": [8, 14, 12, 16], "texture": "#1"},
				"west": {"uv": [8, 12, 12, 14], "texture": "#1"},
				"up": {"uv": [12, 4, 8, 0], "texture": "#1"},
				"down": {"uv": [12, 4, 8, 8], "texture": "#1"}
			}
		}
	],
	"display": {
		"thirdperson_righthand": {
			"rotation": [111, 12, -87],
			"translation": [5.5, -2.25, -3.25],
			"scale": [0.68, 0.68, 0.68]
		},
		"thirdperson_lefthand": {
			"rotation": [111, 12, -87],
			"translation": [5.5, -2.25, -3.25],
			"scale": [0.68, 0.68, 0.68]
		},
		"firstperson_righthand": {
			"rotation": [-9, 2, 14],
			"translation": [1, 5, -1],
			"scale": [0.52, 0.52, 0.52]
		},
		"firstperson_lefthand": {
			"rotation": [-9, 2, 14],
			"translation": [1, 5, -1],
			"scale": [0.52, 0.52, 0.52]
		},
		"ground": {
			"rotation": [5, -25, 0],
			"translation": [0, 0.25, 0],
			"scale": [0.46, 0.46, 0.46]
		},
		"gui": {
			"rotation": [17, 152.5, 0],
			"translation": [0, 3.25, 0],
			"scale": [0.76, 0.76, 0.76]
		},
		"head": {
			"rotation": [4, 0, -3],
			"translation": [0.49, 16.5, 0.94],
			"scale": [1.88, 1.88, 1.88]
		},
		"fixed": {
			"translation": [0, 5, 0],
			"scale": [1.23, 1.23, 1.23]
		}
	}
}