{
	"credit": "Made with Blockbench",
	"texture_size": [12, 12],
	"textures": {
		"0": "custom:item/gold_coin",
		"particle": "custom:item/gold_coin"
	},
	"elements": [
		{
			"name": "top",
			"from": [6, 11, 7.5],
			"to": [10, 12, 8.5],
			"faces": {
				"north": {"uv": [5.33333, 0, 10.66667, 1.33333], "texture": "#0"},
				"east": {"uv": [5.33333, 0, 6.66667, 1.33333], "texture": "#0"},
				"south": {"uv": [5.33333, 0, 10.66667, 1.33333], "texture": "#0"},
				"west": {"uv": [9.33333, 0, 10.66667, 1.33333], "texture": "#0"},
				"up": {"uv": [10.66667, 0, 5.33333, 1.33333], "texture": "#0"},
				"down": {"uv": [10.66667, 0, 5.33333, 1.33333], "texture": "#0"}
			}
		},
		{
			"name": "left_1",
			"from": [4, 10, 7.5],
			"to": [6, 11, 8.5],
			"faces": {
				"north": {"uv": [10.66667, 1.33333, 13.33333, 2.66667], "texture": "#0"},
				"east": {"uv": [10.66667, 1.33333, 12, 2.66667], "texture": "#0"},
				"south": {"uv": [2.66667, 1.33333, 5.33333, 2.66667], "texture": "#0"},
				"west": {"uv": [12, 1.33333, 13.33333, 2.66667], "texture": "#0"},
				"up": {"uv": [13.33333, 1.33333, 10.66667, 2.66667], "texture": "#0"},
				"down": {"uv": [13.33333, 1.33333, 10.66667, 2.66667], "texture": "#0"}
			}
		},
		{
			"name": "right_2",
			"from": [10, 10, 7.5],
			"to": [12, 11, 8.5],
			"faces": {
				"north": {"uv": [2.66667, 1.33333, 5.33333, 2.66667], "texture": "#0"},
				"east": {"uv": [2.66667, 1.33333, 4, 2.66667], "texture": "#0"},
				"south": {"uv": [10.66667, 1.33333, 13.33333, 2.66667], "texture": "#0"},
				"west": {"uv": [4, 1.33333, 5.33333, 2.66667], "texture": "#0"},
				"up": {"uv": [5.33333, 1.33333, 2.66667, 2.66667], "texture": "#0"},
				"down": {"uv": [5.33333, 1.33333, 2.66667, 2.66667], "texture": "#0"}
			}
		},
		{
			"name": "mid_1",
			"from": [6, 10, 7.6],
			"to": [10, 11, 8.4],
			"rotation": {"angle": 0, "axis": "y", "origin": [0, 0, 0.1]},
			"faces": {
				"north": {"uv": [5.33333, 1.33333, 10.66667, 2.66667], "texture": "#0"},
				"south": {"uv": [5.33333, 1.33333, 10.66667, 2.66667], "texture": "#0"}
			}
		},
		{
			"name": "left_1",
			"from": [3, 8, 7.5],
			"to": [4, 10, 8.5],
			"faces": {
				"north": {"uv": [13.33333, 2.66667, 14.66667, 5.33333], "texture": "#0"},
				"east": {"uv": [13.33333, 2.66667, 14.66667, 5.33333], "texture": "#0"},
				"south": {"uv": [1.33333, 2.66667, 2.66667, 5.33333], "texture": "#0"},
				"west": {"uv": [13.33333, 2.66667, 14.66667, 5.33333], "texture": "#0"},
				"up": {"uv": [14.66667, 2.66667, 13.33333, 4], "texture": "#0"},
				"down": {"uv": [14.66667, 4, 13.33333, 5.33333], "texture": "#0"}
			}
		},
		{
			"name": "left_2",
			"from": [12, 8, 7.5],
			"to": [13, 10, 8.5],
			"faces": {
				"north": {"uv": [1.33333, 2.66667, 2.66667, 5.33333], "texture": "#0"},
				"east": {"uv": [1.33333, 2.66667, 2.66667, 5.33333], "texture": "#0"},
				"south": {"uv": [13.33333, 2.66667, 14.66667, 5.33333], "texture": "#0"},
				"west": {"uv": [1.33333, 2.66667, 2.66667, 5.33333], "texture": "#0"},
				"up": {"uv": [2.66667, 2.66667, 1.33333, 4], "texture": "#0"},
				"down": {"uv": [2.66667, 4, 1.33333, 5.33333], "texture": "#0"}
			}
		},
		{
			"name": "mid_2",
			"from": [4, 8, 7.6],
			"to": [12, 10, 8.4],
			"faces": {
				"north": {"uv": [2.66667, 2.66667, 13.33333, 5.33333], "texture": "#0"},
				"south": {"uv": [2.66667, 2.66667, 13.33333, 5.33333], "texture": "#0"}
			}
		},
		{
			"name": "left_3",
			"from": [2, 4, 7.5],
			"to": [3, 8, 8.5],
			"faces": {
				"north": {"uv": [14.66667, 5.33333, 16, 10.66667], "texture": "#0"},
				"east": {"uv": [14.66667, 5.33333, 16, 10.66667], "texture": "#0"},
				"south": {"uv": [0, 5.33333, 1.33333, 10.66667], "texture": "#0"},
				"west": {"uv": [14.66667, 5.33333, 16, 10.66667], "texture": "#0"},
				"up": {"uv": [16, 5.33333, 14.66667, 6.66667], "texture": "#0"},
				"down": {"uv": [14.66667, 9.33333, 16, 10.66667], "texture": "#0"}
			}
		},
		{
			"name": "right_3",
			"from": [13, 4, 7.5],
			"to": [14, 8, 8.5],
			"faces": {
				"north": {"uv": [0, 5.33333, 1.33333, 10.66667], "texture": "#0"},
				"east": {"uv": [0, 5.33333, 1.33333, 10.66667], "texture": "#0"},
				"south": {"uv": [14.66667, 5.33333, 16, 10.66667], "texture": "#0"},
				"west": {"uv": [0, 5.33333, 1.33333, 10.66667], "texture": "#0"},
				"up": {"uv": [1.33333, 5.33333, 0, 6.66667], "texture": "#0"},
				"down": {"uv": [1.33333, 9.33333, 0, 10.66667], "texture": "#0"}
			}
		},
		{
			"name": "mid_3",
			"from": [3, 4, 7.6],
			"to": [13, 8, 8.4],
			"faces": {
				"north": {"uv": [1.33333, 5.33333, 14.66667, 10.66667], "texture": "#0"},
				"south": {"uv": [1.33333, 5.33333, 14.66667, 10.66667], "texture": "#0"}
			}
		},
		{
			"name": "left_4",
			"from": [3, 2, 7.5],
			"to": [4, 4, 8.5],
			"faces": {
				"north": {"uv": [13.33333, 10.66667, 14.66667, 13.33333], "texture": "#0"},
				"east": {"uv": [13.33333, 10.66667, 14.66667, 13.33333], "texture": "#0"},
				"south": {"uv": [1.33333, 10.66667, 2.66667, 13.33333], "texture": "#0"},
				"west": {"uv": [13.33333, 10.66667, 14.66667, 13.33333], "texture": "#0"},
				"up": {"uv": [14.66667, 10.66667, 13.33333, 12], "texture": "#0"},
				"down": {"uv": [14.66667, 12, 13.33333, 13.33333], "texture": "#0"}
			}
		},
		{
			"name": "right_4",
			"from": [12, 2, 7.5],
			"to": [13, 4, 8.5],
			"faces": {
				"north": {"uv": [1.33333, 10.66667, 2.66667, 13.33333], "texture": "#0"},
				"east": {"uv": [1.33333, 10.66667, 2.66667, 13.33333], "texture": "#0"},
				"south": {"uv": [13.33333, 10.66667, 14.66667, 13.33333], "texture": "#0"},
				"west": {"uv": [1.33333, 10.66667, 2.66667, 13.33333], "texture": "#0"},
				"up": {"uv": [2.66667, 10.66667, 1.33333, 12], "texture": "#0"},
				"down": {"uv": [2.66667, 12, 1.33333, 13.33333], "texture": "#0"}
			}
		},
		{
			"name": "mid_4",
			"from": [4, 2, 7.6],
			"to": [12, 4, 8.4],
			"faces": {
				"north": {"uv": [2.66667, 10.66667, 13.33333, 13.33333], "texture": "#0"},
				"south": {"uv": [2.66667, 10.66667, 13.33333, 13.33333], "texture": "#0"}
			}
		},
		{
			"name": "left_5",
			"from": [4, 1, 7.5],
			"to": [6, 2, 8.5],
			"faces": {
				"north": {"uv": [10.66667, 13.33333, 13.33333, 14.66667], "texture": "#0"},
				"east": {"uv": [10.66667, 13.33333, 12, 14.66667], "texture": "#0"},
				"south": {"uv": [2.66667, 13.33333, 5.33333, 14.66667], "texture": "#0"},
				"west": {"uv": [12, 13.33333, 13.33333, 14.66667], "texture": "#0"},
				"up": {"uv": [13.33333, 13.33333, 10.66667, 14.66667], "texture": "#0"},
				"down": {"uv": [13.33333, 13.33333, 10.66667, 14.66667], "texture": "#0"}
			}
		},
		{
			"name": "right_5",
			"from": [10, 1, 7.5],
			"to": [12, 2, 8.5],
			"faces": {
				"north": {"uv": [2.66667, 13.33333, 5.33333, 14.66667], "texture": "#0"},
				"east": {"uv": [2.66667, 13.33333, 4, 14.66667], "texture": "#0"},
				"south": {"uv": [10.66667, 13.33333, 13.33333, 14.66667], "texture": "#0"},
				"west": {"uv": [4, 13.33333, 5.33333, 14.66667], "texture": "#0"},
				"up": {"uv": [5.33333, 13.33333, 2.66667, 14.66667], "texture": "#0"},
				"down": {"uv": [5.33333, 13.33333, 2.66667, 14.66667], "texture": "#0"}
			}
		},
		{
			"name": "mid_5",
			"from": [6, 1, 7.6],
			"to": [10, 2, 8.4],
			"faces": {
				"north": {"uv": [5.33333, 13.33333, 10.66667, 14.66667], "texture": "#0"},
				"south": {"uv": [5.33333, 13.33333, 10.66667, 14.66667], "texture": "#0"}
			}
		},
		{
			"name": "bottom",
			"from": [6, 0, 7.5],
			"to": [10, 1, 8.5],
			"faces": {
				"north": {"uv": [5.33333, 14.66667, 10.66667, 16], "texture": "#0"},
				"east": {"uv": [5.33333, 14.66667, 6.66667, 16], "texture": "#0"},
				"south": {"uv": [5.33333, 14.66667, 10.66667, 16], "texture": "#0"},
				"west": {"uv": [9.33333, 14.66667, 10.66667, 16], "texture": "#0"},
				"up": {"uv": [5.33333, 14.66667, 10.66667, 16], "texture": "#0"},
				"down": {"uv": [10.66667, 14.66667, 5.33333, 16], "texture": "#0"}
			}
		}
	],
	"gui_light": "front",
	"display": {
		"thirdperson_righthand": {
			"translation": [0, 1, 0.25],
			"scale": [0.2, 0.2, 0.2]
		},
		"thirdperson_lefthand": {
			"translation": [0, 1, 0],
			"scale": [0.2, 0.2, 0.2]
		},
		"firstperson_righthand": {
			"rotation": [-4, -7.5, 0],
			"translation": [1.25, 1.75, 0],
			"scale": [0.34, 0.34, 0.34]
		},
		"firstperson_lefthand": {
			"rotation": [-4, -7.5, 0],
			"translation": [1.25, 1.75, 0],
			"scale": [0.34, 0.34, 0.34]
		},
		"ground": {
			"scale": [0.25, 0.25, 0.25]
		},
		"gui": {
			"scale": [0.6, 0.6, 0.6]
		},
		"fixed": {
			"translation": [0, 0, -0.15],
			"scale": [0.5, 0.5, 0.5]
		}
	}
}