{
	"credit": "Made with Blockbench",
	"texture_size": [27, 25],
	"textures": {
		"3": "custom:item/rat"
	},
	"elements": [
		{
			"name": "left_paw",
			"from": [5, 0, 5],
			"to": [6, 1, 9],
			"rotation": {"angle": 0, "axis": "y", "origin": [4.5, 0, 5]},
			"faces": {
				"north": {"uv": [13.62963, 6.4, 14.22222, 7.04], "texture": "#3"},
				"east": {"uv": [11.85185, 6.4, 14.22222, 7.04], "texture": "#3"},
				"south": {"uv": [11.85185, 6.4, 12.44444, 7.04], "texture": "#3"},
				"west": {"uv": [14.22222, 6.4, 11.85185, 7.04], "texture": "#3"},
				"up": {"uv": [14.22222, 7.04, 11.85185, 6.4], "rotation": 90, "texture": "#3"},
				"down": {"uv": [11.85185, 7.04, 14.22222, 6.4], "rotation": 90, "texture": "#3"}
			}
		},
		{
			"name": "right_paw",
			"from": [10, 0, 5],
			"to": [11, 1, 9],
			"rotation": {"angle": 0, "axis": "y", "origin": [4.5, 0, 5]},
			"faces": {
				"north": {"uv": [13.62963, 6.4, 14.22222, 7.04], "texture": "#3"},
				"east": {"uv": [11.85185, 6.4, 14.22222, 7.04], "texture": "#3"},
				"south": {"uv": [11.85185, 6.4, 12.44444, 7.04], "texture": "#3"},
				"west": {"uv": [14.22222, 6.4, 11.85185, 7.04], "texture": "#3"},
				"up": {"uv": [14.22222, 7.04, 11.85185, 6.4], "rotation": 90, "texture": "#3"},
				"down": {"uv": [11.85185, 7.04, 14.22222, 6.4], "rotation": 90, "texture": "#3"}
			}
		},
		{
			"name": "left_thigh",
			"from": [4.5, 1, 7],
			"to": [6.5, 4, 10],
			"rotation": {"angle": 0, "axis": "y", "origin": [4.5, 0, 5]},
			"faces": {
				"north": {"uv": [9.48148, 8.32, 10.66667, 10.24], "texture": "#3"},
				"east": {"uv": [10.66667, 8.32, 12.44444, 10.24], "texture": "#3"},
				"south": {"uv": [11.85185, 8.32, 10.66667, 6.4], "texture": "#3"},
				"west": {"uv": [7.7037, 8.32, 9.48148, 10.24], "texture": "#3"},
				"up": {"uv": [10.66667, 8.32, 9.48148, 6.4], "texture": "#3"},
				"down": {"uv": [9.48148, 10.24, 10.66667, 12.16], "texture": "#3"}
			}
		},
		{
			"name": "right_thigh",
			"from": [9.5, 1, 7],
			"to": [11.5, 4, 10],
			"rotation": {"angle": 0, "axis": "y", "origin": [4.5, 0, 5]},
			"faces": {
				"north": {"uv": [10.66667, 8.32, 9.48148, 10.24], "texture": "#3"},
				"east": {"uv": [9.48148, 8.32, 7.7037, 10.24], "texture": "#3"},
				"south": {"uv": [10.66667, 8.32, 11.85185, 6.4], "texture": "#3"},
				"west": {"uv": [12.44444, 8.32, 10.66667, 10.24], "texture": "#3"},
				"up": {"uv": [9.48148, 8.32, 10.66667, 6.4], "texture": "#3"},
				"down": {"uv": [10.66667, 10.24, 9.48148, 12.16], "texture": "#3"}
			}
		},
		{
			"name": "lower_body",
			"from": [5.5, 2.23044, 5.90851],
			"to": [10.5, 8.23044, 10.90851],
			"rotation": {"angle": -22.5, "axis": "x", "origin": [8, 5.23044, 8.65851]},
			"faces": {
				"north": {"uv": [2.96296, 3.2, 5.92593, 7.04], "texture": "#3"},
				"east": {"uv": [8.88889, 3.2, 5.92593, 7.04], "texture": "#3"},
				"south": {"uv": [0, 3.2, 2.96296, 7.04], "texture": "#3"},
				"west": {"uv": [5.92593, 3.2, 8.88889, 7.04], "texture": "#3"},
				"up": {"uv": [5.92593, 3.2, 2.96296, 0], "texture": "#3"},
				"down": {"uv": [5.92593, 7.04, 2.96296, 10.24], "texture": "#3"}
			}
		},
		{
			"name": "upper_body",
			"from": [6, 6.99223, 3.8],
			"to": [10, 11.99223, 7.8],
			"rotation": {"angle": -45, "axis": "x", "origin": [8, 9.49223, 6.50547]},
			"faces": {
				"north": {"uv": [11.25926, 3.2, 13.62963, 6.4], "texture": "#3"},
				"east": {"uv": [16, 3.2, 13.62963, 6.4], "texture": "#3"},
				"south": {"uv": [8.88889, 3.2, 11.25926, 6.4], "texture": "#3"},
				"west": {"uv": [13.62963, 3.2, 16, 6.4], "texture": "#3"},
				"up": {"uv": [13.62963, 3.2, 11.25926, 0.64], "texture": "#3"}
			}
		},
		{
			"name": "neck",
			"from": [7, 10.8, 3.4],
			"to": [9, 11.8, 4.4],
			"rotation": {"angle": 45, "axis": "x", "origin": [8, 10.95, 4.3]},
			"faces": {
				"east": {"uv": [13.03704, 0, 13.62963, 0.64], "texture": "#3"},
				"west": {"uv": [13.03704, 0, 13.62963, 0.64], "texture": "#3"},
				"up": {"uv": [13.03704, 0.64, 11.85185, 0], "texture": "#3"}
			}
		},
		{
			"name": "left_shoulder",
			"from": [5, 6.25, 4],
			"to": [6, 8.25, 6],
			"rotation": {"angle": 22.5, "axis": "x", "origin": [6, 7.25, 5]},
			"faces": {
				"north": {"uv": [7.7037, 0.64, 8.2963, 1.92], "texture": "#3"},
				"east": {"uv": [8.2963, 0.64, 9.48148, 1.92], "texture": "#3"},
				"south": {"uv": [5.92593, 0.64, 6.51852, 1.92], "texture": "#3"},
				"west": {"uv": [6.51852, 0.64, 7.7037, 1.92], "texture": "#3"},
				"up": {"uv": [6.51852, 0.64, 7.7037, 0], "rotation": 90, "texture": "#3"},
				"down": {"uv": [6.51852, 2.56, 7.7037, 1.92], "rotation": 90, "texture": "#3"}
			}
		},
		{
			"name": "right_shoulder",
			"from": [10, 6.25, 4],
			"to": [11, 8.25, 6],
			"rotation": {"angle": 22.5, "axis": "x", "origin": [6, 7.25, 5]},
			"faces": {
				"north": {"uv": [7.7037, 0.64, 8.2963, 1.92], "texture": "#3"},
				"east": {"uv": [7.7037, 0.64, 6.51852, 1.92], "texture": "#3"},
				"south": {"uv": [5.92593, 0.64, 6.51852, 1.92], "texture": "#3"},
				"west": {"uv": [9.48148, 0.64, 8.2963, 1.92], "texture": "#3"},
				"up": {"uv": [6.51852, 0.64, 7.7037, 0], "rotation": 90, "texture": "#3"},
				"down": {"uv": [6.51852, 2.56, 7.7037, 1.92], "rotation": 90, "texture": "#3"}
			}
		},
		{
			"name": "left_arm",
			"from": [5.005, 5.5041, 2.48054],
			"to": [5.995, 6.5041, 4.48054],
			"rotation": {"angle": -45, "axis": "x", "origin": [5.5, 7.0041, 4.48054]},
			"faces": {
				"north": {"uv": [7.7037, 2.56, 8.2963, 3.2], "texture": "#3"},
				"east": {"uv": [7.7037, 1.92, 8.2963, 3.2], "rotation": 270, "texture": "#3"},
				"west": {"uv": [7.7037, 1.92, 8.2963, 3.2], "rotation": 90, "texture": "#3"},
				"up": {"uv": [8.2963, 3.2, 7.7037, 1.92], "texture": "#3"},
				"down": {"uv": [8.2963, 1.92, 7.7037, 3.2], "texture": "#3"}
			}
		},
		{
			"name": "right_arm",
			"from": [10.005, 5.5041, 2.48054],
			"to": [10.995, 6.5041, 4.48054],
			"rotation": {"angle": -45, "axis": "x", "origin": [5.5, 7.0041, 4.48054]},
			"faces": {
				"north": {"uv": [7.7037, 2.56, 8.2963, 3.2], "texture": "#3"},
				"east": {"uv": [7.7037, 1.92, 8.2963, 3.2], "rotation": 270, "texture": "#3"},
				"west": {"uv": [7.7037, 1.92, 8.2963, 3.2], "rotation": 90, "texture": "#3"},
				"up": {"uv": [8.2963, 3.2, 7.7037, 1.92], "texture": "#3"},
				"down": {"uv": [8.2963, 1.92, 7.7037, 3.2], "texture": "#3"}
			}
		},
		{
			"name": "head",
			"from": [5.975, 9.7, 1.3],
			"to": [10.025, 12.7, 4.3],
			"rotation": {"angle": 0, "axis": "y", "origin": [0, 0.2, -0.2]},
			"faces": {
				"north": {"uv": [2.37037, 12.16, 4.74074, 14.08], "texture": "#3"},
				"east": {"uv": [4.74074, 12.16, 6.51852, 14.08], "texture": "#3"},
				"south": {"uv": [0, 12.16, 2.37037, 14.08], "texture": "#3"},
				"west": {"uv": [6.51852, 12.16, 4.74074, 14.08], "texture": "#3"},
				"up": {"uv": [2.37037, 10.24, 4.74074, 12.16], "texture": "#3"},
				"down": {"uv": [4.74074, 16, 2.37037, 14.08], "texture": "#3"}
			}
		},
		{
			"name": "face",
			"from": [6.5, 9.7, -0.7],
			"to": [9.5, 11.7, 1.3],
			"rotation": {"angle": 0, "axis": "y", "origin": [0, 0.2, -0.2]},
			"faces": {
				"north": {"uv": [6.51852, 12.8, 8.2963, 14.08], "texture": "#3"},
				"east": {"uv": [8.2963, 12.8, 9.48148, 14.08], "texture": "#3"},
				"west": {"uv": [9.48148, 12.8, 8.2963, 14.08], "texture": "#3"},
				"up": {"uv": [8.2963, 12.8, 6.51852, 11.52], "texture": "#3"},
				"down": {"uv": [8.2963, 14.08, 6.51852, 15.36], "texture": "#3"}
			}
		},
		{
			"name": "nose",
			"from": [7.5, 10.7, -1.7],
			"to": [8.5, 11.7, -0.7],
			"rotation": {"angle": 0, "axis": "y", "origin": [0, 0.2, -0.2]},
			"faces": {
				"north": {"uv": [8.2963, 11.52, 8.88889, 12.16], "texture": "#3"},
				"east": {"uv": [8.2963, 11.52, 8.88889, 12.16], "texture": "#3"},
				"west": {"uv": [8.2963, 11.52, 8.88889, 12.16], "texture": "#3"},
				"up": {"uv": [8.88889, 12.16, 8.2963, 11.52], "texture": "#3"},
				"down": {"uv": [8.88889, 11.52, 8.2963, 12.16], "texture": "#3"}
			}
		},
		{
			"name": "eyes",
			"from": [5.5, 11.2, 1.8],
			"to": [10.5, 12.2, 2.8],
			"rotation": {"angle": 0, "axis": "y", "origin": [0, 0.2, -0.2]},
			"faces": {
				"north": {"uv": [6.51852, 10.88, 9.48148, 11.52], "texture": "#3"},
				"east": {"uv": [5.92593, 11.52, 6.51852, 12.16], "texture": "#3"},
				"south": {"uv": [6.51852, 10.88, 9.48148, 11.52], "texture": "#3"},
				"west": {"uv": [5.92593, 11.52, 6.51852, 12.16], "texture": "#3"},
				"up": {"uv": [9.48148, 11.52, 6.51852, 10.88], "texture": "#3"},
				"down": {"uv": [9.48148, 10.88, 6.51852, 11.52], "texture": "#3"}
			}
		},
		{
			"name": "left_ear",
			"from": [4.8, 11.8, 3.8],
			"to": [6.7, 13.8, 3.8],
			"rotation": {"angle": 0, "axis": "y", "origin": [0, 0.2, -0.2]},
			"faces": {
				"north": {"uv": [9.42222, 11.52, 8.2963, 12.8], "texture": "#3"},
				"east": {"uv": [0, 0, 0, 1.28], "texture": "#3"},
				"south": {"uv": [8.2963, 11.52, 9.42222, 12.8], "texture": "#3"},
				"west": {"uv": [0, 0, 0, 1.28], "texture": "#3"},
				"up": {"uv": [3.55556, 0, 0, 0], "texture": "#3"},
				"down": {"uv": [3.55556, 0, 0, 0], "texture": "#3"}
			}
		},
		{
			"name": "right_ear",
			"from": [9.3, 11.8, 3.8],
			"to": [11.2, 13.8, 3.8],
			"rotation": {"angle": 0, "axis": "y", "origin": [0, 0.2, -0.2]},
			"faces": {
				"north": {"uv": [8.2963, 11.52, 9.42222, 12.8], "texture": "#3"},
				"east": {"uv": [0, 0, 0, 1.28], "texture": "#3"},
				"south": {"uv": [9.42222, 11.52, 8.2963, 12.8], "texture": "#3"},
				"west": {"uv": [0, 0, 0, 1.28], "texture": "#3"},
				"up": {"uv": [3.55556, 0, 0, 0], "texture": "#3"},
				"down": {"uv": [3.55556, 0, 0, 0], "texture": "#3"}
			}
		},
		{
			"name": "left_moustache",
			"from": [4.5, 9.2, 0.3],
			"to": [6.5, 12.2, 0.3],
			"rotation": {"angle": 0, "axis": "y", "origin": [0, 0.2, -0.2]},
			"faces": {
				"north": {"uv": [8.2963, 14.08, 9.48148, 16], "texture": "#3"},
				"east": {"uv": [0, 0, 0, 1.92], "texture": "#3"},
				"south": {"uv": [9.48148, 14.08, 8.2963, 16], "texture": "#3"},
				"west": {"uv": [0, 0, 0, 1.92], "texture": "#3"},
				"up": {"uv": [3.55556, 0, 0, 0], "texture": "#3"},
				"down": {"uv": [3.55556, 0, 0, 0], "texture": "#3"}
			}
		},
		{
			"name": "right_moustache",
			"from": [9.5, 9.2, 0.3],
			"to": [11.5, 12.2, 0.3],
			"rotation": {"angle": 0, "axis": "y", "origin": [0, 0.2, -0.2]},
			"faces": {
				"north": {"uv": [9.48148, 14.08, 8.2963, 16], "texture": "#3"},
				"east": {"uv": [0, 0, 0, 1.92], "texture": "#3"},
				"south": {"uv": [8.2963, 14.08, 9.48148, 16], "texture": "#3"},
				"west": {"uv": [0, 0, 0, 1.92], "texture": "#3"},
				"up": {"uv": [3.55556, 0, 0, 0], "texture": "#3"},
				"down": {"uv": [3.55556, 0, 0, 0], "texture": "#3"}
			}
		},
		{
			"name": "1",
			"from": [7, 1, 8],
			"to": [9, 3, 14],
			"rotation": {"angle": 22.5, "axis": "x", "origin": [8, 1, 11]},
			"faces": {
				"east": {"uv": [9.48148, 7.04, 5.92593, 8.32], "texture": "#3"},
				"south": {"uv": [5.92593, 8.32, 7.11111, 9.6], "texture": "#3"},
				"west": {"uv": [5.92593, 7.04, 9.48148, 8.32], "texture": "#3"},
				"up": {"uv": [5.92593, 8.32, 9.48148, 7.04], "rotation": 90, "texture": "#3"},
				"down": {"uv": [9.48148, 8.32, 5.92593, 7.04], "rotation": 90, "texture": "#3"}
			}
		},
		{
			"name": "2",
			"from": [7.25, 0.06, 13.75208],
			"to": [8.75, 1.56, 19.75208],
			"rotation": {"angle": 0, "axis": "x", "origin": [8, 0.01046, 16.00208]},
			"faces": {
				"east": {"uv": [9.48148, 7.04, 5.92593, 8.32], "texture": "#3"},
				"south": {"uv": [5.92593, 8.32, 7.11111, 9.6], "texture": "#3"},
				"west": {"uv": [5.92593, 7.04, 9.48148, 8.32], "texture": "#3"},
				"up": {"uv": [5.92593, 8.32, 9.48148, 7.04], "rotation": 90, "texture": "#3"},
				"down": {"uv": [9.48148, 8.32, 5.92593, 7.04], "rotation": 90, "texture": "#3"}
			}
		},
		{
			"name": "3",
			"from": [7.5, 0.53, 19.13133],
			"to": [8.5, 1.53, 25.13133],
			"rotation": {"angle": 45, "axis": "x", "origin": [8, 0.78054, 19.40798]},
			"faces": {
				"east": {"uv": [9.48148, 7.04, 5.92593, 7.68], "texture": "#3"},
				"south": {"uv": [5.92593, 8.32, 6.51852, 8.96], "texture": "#3"},
				"west": {"uv": [5.92593, 7.04, 9.48148, 7.68], "texture": "#3"},
				"up": {"uv": [5.92593, 7.68, 9.48148, 7.04], "rotation": 90, "texture": "#3"},
				"down": {"uv": [9.48148, 7.68, 5.92593, 7.04], "rotation": 90, "texture": "#3"}
			}
		}
	],
	"display": {
		"thirdperson_righthand": {
			"rotation": [90, 0, 0],
			"translation": [0.1, -1.5, 14.9],
			"scale": [0.43, 0.43, 0.43]
		},
		"thirdperson_lefthand": {
			"rotation": [90, 0, 0],
			"translation": [0.1, -1.5, 14.9],
			"scale": [0.43, 0.43, 0.43]
		},
		"firstperson_righthand": {
			"translation": [80, 0, 0]
		},
		"firstperson_lefthand": {
			"translation": [80, 0, 0]
		},
		"ground": {
			"rotation": [-34, 0, 0],
			"translation": [0, -0.25, 0],
			"scale": [0.43, 0.43, 0.43]
		},
		"gui": {
			"rotation": [-162.62, 44.1, 169.46],
			"translation": [-1.75, 0.5, 0],
			"scale": [0.72, 0.72, 0.72]
		},
		"head": {
			"translation": [0, 11.2, 0],
			"scale": [0.6, 0.6, 0.6]
		},
		"fixed": {
			"rotation": [-90, 0, 0],
			"translation": [0, 0, -4.9],
			"scale": [0.62, 0.62, 0.62]
		}
	},
	"groups": [
		{
			"name": "legs",
			"origin": [4.5, 0, 5],
			"color": 0,
			"children": [0, 1, 2, 3]
		},
		{
			"name": "body",
			"origin": [8, 10.75, 4.5],
			"color": 0,
			"children": [4, 5, 6]
		},
		{
			"name": "arms",
			"origin": [5.5, 7.0041, 4.48054],
			"color": 0,
			"children": [7, 8, 9, 10]
		},
		{
			"name": "head",
			"origin": [0, 0, 0],
			"color": 0,
			"children": [11, 12, 13, 14, 15, 16, 17, 18]
		},
		{
			"name": "tail",
			"origin": [8, 8, 8],
			"color": 0,
			"children": [19, 20, 21]
		}
	]
}