{
	"credit": "Made with Blockbench",
	"texture_size": [32, 32],
	"textures": {
		"1": "custom:item/spyglass_model",
		"particle": "custom:item/spyglass_model"
	},
	"elements": [
		{
			"name": "1",
			"from": [7.2, 11.5, 7.2],
			"to": [8.8, 13.5, 8.8],
			"faces": {
				"north": {"uv": [0, 0, 1, 1], "texture": "#1"},
				"east": {"uv": [0, 0, 1, 1], "texture": "#1"},
				"south": {"uv": [0, 0, 1, 1], "texture": "#1"},
				"west": {"uv": [0, 0, 1, 1], "texture": "#1"},
				"up": {"uv": [1, 2, 0, 1], "texture": "#1"}
			}
		},
		{
			"name": "2",
			"from": [7.1, 8.6, 6.75],
			"to": [8.9, 11.6, 8.55],
			"rotation": {"angle": 0, "axis": "x", "origin": [0, 0, -0.1]},
			"faces": {
				"north": {"uv": [0, 2, 1, 3.5], "texture": "#1"},
				"east": {"uv": [0, 2, 1, 3.5], "texture": "#1"},
				"south": {"uv": [0, 2, 1, 3.5], "texture": "#1"},
				"west": {"uv": [0, 2, 1, 3.5], "texture": "#1"}
			}
		},
		{
			"name": "3",
			"from": [6.95, 11.1, 6.75],
			"to": [9.05, 12.1, 8.85],
			"rotation": {"angle": 22.5, "axis": "x", "origin": [8, 11.6, 7.9]},
			"faces": {
				"north": {"uv": [1, 0, 2, 0.5], "texture": "#1"},
				"east": {"uv": [1, 0, 2, 0.5], "texture": "#1"},
				"south": {"uv": [1, 0, 2, 0.5], "texture": "#1"},
				"west": {"uv": [1, 0, 2, 0.5], "texture": "#1"},
				"up": {"uv": [2, 1.5, 1, 0.5], "texture": "#1"},
				"down": {"uv": [1, 0.5, 2, 1.5], "texture": "#1"}
			}
		},
		{
			"name": "4",
			"from": [6.85, 8.1, 6.3],
			"to": [9.15, 9.1, 8.6],
			"rotation": {"angle": 22.5, "axis": "x", "origin": [8, 8.7, 7.75]},
			"faces": {
				"north": {"uv": [1, 0, 2, 0.5], "texture": "#1"},
				"east": {"uv": [1, 0, 2, 0.5], "texture": "#1"},
				"south": {"uv": [1, 0, 2, 0.5], "texture": "#1"},
				"west": {"uv": [1, 0, 2, 0.5], "texture": "#1"},
				"up": {"uv": [2, 1.5, 1, 0.5], "texture": "#1"},
				"down": {"uv": [1, 0.5, 2, 1.5], "texture": "#1"}
			}
		},
		{
			"name": "5",
			"from": [7, 3.8, 6.25],
			"to": [9, 8.8, 8.25],
			"rotation": {"angle": 0, "axis": "x", "origin": [0, 0.1, 0]},
			"faces": {
				"north": {"uv": [0, 3.5, 1, 6], "texture": "#1"},
				"east": {"uv": [0, 3.5, 1, 6], "texture": "#1"},
				"south": {"uv": [0, 3.5, 1, 6], "texture": "#1"},
				"west": {"uv": [0, 3.5, 1, 6], "texture": "#1"}
			}
		},
		{
			"name": "6",
			"from": [6.9, 1.9, 6.2],
			"to": [9.1, 3.9, 8.4],
			"rotation": {"angle": 0, "axis": "x", "origin": [0, 0.1, 0]},
			"faces": {
				"north": {"uv": [1, 1.5, 2, 2.5], "texture": "#1"},
				"east": {"uv": [1, 1.5, 2, 2.5], "texture": "#1"},
				"south": {"uv": [1, 1.5, 2, 2.5], "texture": "#1"},
				"west": {"uv": [1, 1.5, 2, 2.5], "texture": "#1"},
				"up": {"uv": [2, 2, 1, 1], "texture": "#1"}
			}
		},
		{
			"name": "7",
			"from": [6.7, -0.39672, 6.576],
			"to": [9.3, 2.70328, 9.176],
			"rotation": {"angle": -22.5, "axis": "x", "origin": [8, 1.15328, 7.87604]},
			"faces": {
				"north": {"uv": [2, 0, 3, 1.5], "texture": "#1"},
				"east": {"uv": [2, 0, 3, 1.5], "texture": "#1"},
				"south": {"uv": [2, 0, 3, 1.5], "texture": "#1"},
				"west": {"uv": [2, 0, 3, 1.5], "texture": "#1"},
				"up": {"uv": [2, 3.5, 1, 2.5], "texture": "#1"}
			}
		},
		{
			"name": "8",
			"from": [6.55, -0.78, 6.8],
			"to": [9.45, 0.22, 9.7],
			"rotation": {"angle": 0, "axis": "x", "origin": [8, -2.1, 7.6]},
			"faces": {
				"north": {"uv": [1, 2.5, 2.5, 3], "texture": "#1"},
				"east": {"uv": [1, 2.5, 2.5, 3], "texture": "#1"},
				"south": {"uv": [1, 2.5, 2.5, 3], "texture": "#1"},
				"west": {"uv": [1, 2.5, 2.5, 3], "texture": "#1"},
				"up": {"uv": [2.5, 4.5, 1, 3], "texture": "#1"},
				"down": {"uv": [2.5, 3, 1, 4.5], "texture": "#1"}
			}
		},
		{
			"name": "9",
			"from": [6.8, -3.6, 7.65],
			"to": [9.2, -0.6, 10.05],
			"rotation": {"angle": -22.5, "axis": "x", "origin": [8, -2.1, 7.6]},
			"faces": {
				"north": {"uv": [2, 0, 3, 1.5], "texture": "#1"},
				"east": {"uv": [2, 0, 3, 1.5], "texture": "#1"},
				"south": {"uv": [2, 0, 3, 1.5], "texture": "#1"},
				"west": {"uv": [2, 0, 3, 1.5], "texture": "#1"}
			}
		},
		{
			"name": "10",
			"from": [6.5, -6.1, 8.45],
			"to": [9.5, -3, 11.45],
			"rotation": {"angle": -22.5, "axis": "x", "origin": [8, -4.65, 9.75]},
			"faces": {
				"north": {"uv": [3, 0, 4.5, 1.5], "texture": "#1"},
				"east": {"uv": [3, 0, 4.5, 1.5], "texture": "#1"},
				"south": {"uv": [3, 0, 4.5, 1.5], "texture": "#1"},
				"west": {"uv": [3, 0, 4.5, 1.5], "texture": "#1"},
				"up": {"uv": [4.5, 3, 3, 1.5], "texture": "#1"}
			}
		},
		{
			"name": "11",
			"from": [6.4, -6.6, 8.35],
			"to": [9.6, -5.6, 11.55],
			"rotation": {"angle": -22.5, "axis": "x", "origin": [8, -4.65, 9.75]},
			"faces": {
				"north": {"uv": [1, 2.5, 2.5, 3], "texture": "#1"},
				"east": {"uv": [1, 2.5, 2.5, 3], "texture": "#1"},
				"south": {"uv": [1, 2.5, 2.5, 3], "texture": "#1"},
				"west": {"uv": [1, 2.5, 2.5, 3], "texture": "#1"},
				"up": {"uv": [4.5, 3, 3, 1.5], "texture": "#1"},
				"down": {"uv": [4.5, 3, 3, 4.5], "texture": "#1"}
			}
		}
	],
	"gui_light": "front",
	"display": {
		"thirdperson_righthand": {
			"translation": [0, -2, 0]
		},
		"firstperson_righthand": {
			"rotation": [64.31, -10.17, 20.16],
			"translation": [1, 2, 0.25]
		},
		"firstperson_lefthand": {
			"rotation": [64.31, -10.17, 20.16],
			"translation": [1, 2, 0.25]
		},
		"ground": {
			"rotation": [90, 0, 0],
			"scale": [0.6, 0.6, 0.6]
		},
		"gui": {
			"rotation": [-78.51, 16.3, -135.73],
			"translation": [2.75, -4.25, 0],
			"scale": [0.97, 0.97, 0.97]
		},
		"head": {
			"rotation": [90, 0, 0],
			"translation": [0, 0, -16],
			"scale": [1.6, 1.6, 1.6]
		},
		"fixed": {
			"rotation": [-90.23, 45, 90.85],
			"translation": [-3.75, 1, -1]
		}
	}
}