{
	"credit": "Made with Blockbench",
	"texture_size": [32, 32],
	"textures": {
		"0": "custom:item/telephone",
		"particle": "custom:item/telephone"
	},
	"elements": [
		{
			"name": "piedestal",
			"from": [3.5, 0, 3.5],
			"to": [12.5, 1.5, 12.5],
			"rotation": {"angle": 0, "axis": "y", "origin": [8.25, 1.625, 8.125]},
			"faces": {
				"north": {"uv": [4.5, 2, 9, 3], "texture": "#0"},
				"east": {"uv": [4.5, 3, 9, 4], "texture": "#0"},
				"south": {"uv": [4.5, 0, 9, 1], "texture": "#0"},
				"west": {"uv": [4.5, 1, 9, 2], "texture": "#0"},
				"up": {"uv": [4.5, 4.5, 0, 0], "rotation": 180, "texture": "#0"},
				"down": {"uv": [4.5, 4.5, 0, 9], "rotation": 180, "texture": "#0"}
			}
		},
		{
			"name": "phone 1",
			"from": [4.5, 1.5, 4.5],
			"to": [6.5, 2.5, 6],
			"rotation": {"angle": 0, "axis": "y", "origin": [8.25, 1.625, 8.125]},
			"faces": {
				"north": {"uv": [8.5, 4.5, 9.5, 5], "texture": "#0"},
				"east": {"uv": [8.5, 5, 9.5, 5.5], "texture": "#0"},
				"south": {"uv": [8.5, 4, 9.5, 4.5], "texture": "#0"},
				"west": {"uv": [4.5, 8.5, 5.5, 9], "texture": "#0"},
				"up": {"uv": [5.5, 8, 4.5, 7], "rotation": 180, "texture": "#0"},
				"down": {"uv": [6.5, 7, 5.5, 8], "rotation": 180, "texture": "#0"}
			}
		},
		{
			"name": "phone 2",
			"from": [4.5, 1.5, 10],
			"to": [6.5, 2.5, 11.5],
			"rotation": {"angle": 0, "axis": "y", "origin": [8.25, 1.625, 8.125]},
			"faces": {
				"north": {"uv": [6.5, 8.5, 7.5, 9], "texture": "#0"},
				"east": {"uv": [8.5, 7, 9.5, 7.5], "texture": "#0"},
				"south": {"uv": [5.5, 8.5, 6.5, 9], "texture": "#0"},
				"west": {"uv": [8.5, 5.5, 9.5, 6], "texture": "#0"},
				"up": {"uv": [7.5, 8, 6.5, 7], "rotation": 180, "texture": "#0"},
				"down": {"uv": [8.5, 7, 7.5, 8], "rotation": 180, "texture": "#0"}
			}
		},
		{
			"name": "phone 3",
			"from": [4.6, 2, 5],
			"to": [6.4, 3, 11],
			"rotation": {"angle": 0, "axis": "y", "origin": [8.25, 1.625, 8.125]},
			"faces": {
				"north": {"uv": [8.5, 7.5, 9.5, 8], "texture": "#0"},
				"east": {"uv": [6.5, 6.5, 9.5, 7], "texture": "#0"},
				"south": {"uv": [7.5, 8.5, 8.5, 9], "texture": "#0"},
				"west": {"uv": [6.5, 6, 9.5, 6.5], "texture": "#0"},
				"up": {"uv": [5.5, 7, 4.5, 4], "rotation": 180, "texture": "#0"},
				"down": {"uv": [6.5, 4, 5.5, 7], "rotation": 180, "texture": "#0"}
			}
		},
		{
			"from": [10.5, 0.8, 10.5],
			"to": [11.5, 1.8, 11.5],
			"rotation": {"angle": 0, "axis": "y", "origin": [8.25, 1.625, 8.125]},
			"faces": {
				"north": {"uv": [0.5, 9, 1, 9.5], "texture": "#0"},
				"east": {"uv": [9, 0.5, 9.5, 1], "texture": "#0"},
				"south": {"uv": [0, 9, 0.5, 9.5], "texture": "#0"},
				"west": {"uv": [9, 0, 9.5, 0.5], "texture": "#0"},
				"up": {"uv": [1.5, 9.5, 1, 9], "rotation": 180, "texture": "#0"},
				"down": {"uv": [9.5, 1, 9, 1.5], "rotation": 180, "texture": "#0"}
			}
		},
		{
			"from": [7.5, 0.8, 10.5],
			"to": [8.5, 1.8, 11.5],
			"rotation": {"angle": 0, "axis": "y", "origin": [8.25, 1.625, 8.125]},
			"faces": {
				"north": {"uv": [2, 9, 2.5, 9.5], "texture": "#0"},
				"east": {"uv": [9, 2, 9.5, 2.5], "texture": "#0"},
				"south": {"uv": [1.5, 9, 2, 9.5], "texture": "#0"},
				"west": {"uv": [9, 1.5, 9.5, 2], "texture": "#0"},
				"up": {"uv": [3, 9.5, 2.5, 9], "rotation": 180, "texture": "#0"},
				"down": {"uv": [9.5, 2.5, 9, 3], "rotation": 180, "texture": "#0"}
			}
		},
		{
			"from": [9, 0.8, 10.5],
			"to": [10, 1.8, 11.5],
			"rotation": {"angle": 0, "axis": "y", "origin": [8.25, 1.625, 8.125]},
			"faces": {
				"north": {"uv": [3.5, 9, 4, 9.5], "texture": "#0"},
				"east": {"uv": [9, 3.5, 9.5, 4], "texture": "#0"},
				"south": {"uv": [3, 9, 3.5, 9.5], "texture": "#0"},
				"west": {"uv": [9, 3, 9.5, 3.5], "texture": "#0"},
				"up": {"uv": [4.5, 9.5, 4, 9], "rotation": 180, "texture": "#0"},
				"down": {"uv": [5, 9, 4.5, 9.5], "rotation": 180, "texture": "#0"}
			}
		},
		{
			"from": [10.5, 0.8, 9],
			"to": [11.5, 1.8, 10],
			"rotation": {"angle": 0, "axis": "y", "origin": [8.25, 1.625, 8.125]},
			"faces": {
				"north": {"uv": [6, 9, 6.5, 9.5], "texture": "#0"},
				"east": {"uv": [6.5, 9, 7, 9.5], "texture": "#0"},
				"south": {"uv": [5, 9, 5.5, 9.5], "texture": "#0"},
				"west": {"uv": [5.5, 9, 6, 9.5], "texture": "#0"},
				"up": {"uv": [7.5, 9.5, 7, 9], "rotation": 180, "texture": "#0"},
				"down": {"uv": [8, 9, 7.5, 9.5], "rotation": 180, "texture": "#0"}
			}
		},
		{
			"from": [9, 0.8, 9],
			"to": [10, 1.8, 10],
			"rotation": {"angle": 0, "axis": "y", "origin": [8.25, 1.625, 8.125]},
			"faces": {
				"north": {"uv": [9, 9, 9.5, 9.5], "texture": "#0"},
				"east": {"uv": [0, 9.5, 0.5, 10], "texture": "#0"},
				"south": {"uv": [8, 9, 8.5, 9.5], "texture": "#0"},
				"west": {"uv": [8.5, 9, 9, 9.5], "texture": "#0"},
				"up": {"uv": [10, 0.5, 9.5, 0], "rotation": 180, "texture": "#0"},
				"down": {"uv": [1, 9.5, 0.5, 10], "rotation": 180, "texture": "#0"}
			}
		},
		{
			"from": [7.5, 0.8, 9],
			"to": [8.5, 1.8, 10],
			"rotation": {"angle": 0, "axis": "y", "origin": [8.25, 1.625, 8.125]},
			"faces": {
				"north": {"uv": [9.5, 1, 10, 1.5], "texture": "#0"},
				"east": {"uv": [1.5, 9.5, 2, 10], "texture": "#0"},
				"south": {"uv": [9.5, 0.5, 10, 1], "texture": "#0"},
				"west": {"uv": [1, 9.5, 1.5, 10], "texture": "#0"},
				"up": {"uv": [10, 2, 9.5, 1.5], "rotation": 180, "texture": "#0"},
				"down": {"uv": [2.5, 9.5, 2, 10], "rotation": 180, "texture": "#0"}
			}
		},
		{
			"from": [10.5, 0.8, 7.5],
			"to": [11.5, 1.8, 8.5],
			"rotation": {"angle": 0, "axis": "y", "origin": [8.25, 1.625, 8.125]},
			"faces": {
				"north": {"uv": [9.5, 2.5, 10, 3], "texture": "#0"},
				"east": {"uv": [3, 9.5, 3.5, 10], "texture": "#0"},
				"south": {"uv": [9.5, 2, 10, 2.5], "texture": "#0"},
				"west": {"uv": [2.5, 9.5, 3, 10], "texture": "#0"},
				"up": {"uv": [10, 3.5, 9.5, 3], "rotation": 180, "texture": "#0"},
				"down": {"uv": [4, 9.5, 3.5, 10], "rotation": 180, "texture": "#0"}
			}
		},
		{
			"from": [9, 0.8, 7.5],
			"to": [10, 1.8, 8.5],
			"rotation": {"angle": 0, "axis": "y", "origin": [8.25, 1.625, 8.125]},
			"faces": {
				"north": {"uv": [9.5, 4, 10, 4.5], "texture": "#0"},
				"east": {"uv": [4.5, 9.5, 5, 10], "texture": "#0"},
				"south": {"uv": [9.5, 3.5, 10, 4], "texture": "#0"},
				"west": {"uv": [4, 9.5, 4.5, 10], "texture": "#0"},
				"up": {"uv": [10, 5, 9.5, 4.5], "rotation": 180, "texture": "#0"},
				"down": {"uv": [5.5, 9.5, 5, 10], "rotation": 180, "texture": "#0"}
			}
		},
		{
			"from": [7.5, 0.8, 7.5],
			"to": [8.5, 1.8, 8.5],
			"rotation": {"angle": 0, "axis": "y", "origin": [8.25, 1.625, 8.125]},
			"faces": {
				"north": {"uv": [9.5, 5.5, 10, 6], "texture": "#0"},
				"east": {"uv": [6, 9.5, 6.5, 10], "texture": "#0"},
				"south": {"uv": [9.5, 5, 10, 5.5], "texture": "#0"},
				"west": {"uv": [5.5, 9.5, 6, 10], "texture": "#0"},
				"up": {"uv": [10, 6.5, 9.5, 6], "rotation": 180, "texture": "#0"},
				"down": {"uv": [7, 9.5, 6.5, 10], "rotation": 180, "texture": "#0"}
			}
		},
		{
			"from": [7.5, -0.09503, 4.74765],
			"to": [11.5, 0.90497, 6.74765],
			"rotation": {"angle": 22.5, "axis": "x", "origin": [8.25, 1.625, 8.125]},
			"faces": {
				"north": {"uv": [6.5, 8, 8.5, 8.5], "texture": "#0"},
				"east": {"uv": [8.5, 8.5, 9.5, 9], "texture": "#0"},
				"south": {"uv": [4.5, 8, 6.5, 8.5], "texture": "#0"},
				"west": {"uv": [8.5, 8, 9.5, 8.5], "texture": "#0"},
				"up": {"uv": [8.5, 5, 6.5, 4], "rotation": 180, "texture": "#0"},
				"down": {"uv": [8.5, 5, 6.5, 6], "rotation": 180, "texture": "#0"}
			}
		}
	],
	"display": {
		"thirdperson_righthand": {
			"rotation": [92.75, 0, 0],
			"translation": [-0.25, 1.25, 5.75],
			"scale": [0.8, 0.8, 0.8]
		},
		"thirdperson_lefthand": {
			"rotation": [92.75, 0, 0],
			"translation": [-0.25, 1.25, 5.75],
			"scale": [0.8, 0.8, 0.8]
		},
		"firstperson_righthand": {
			"rotation": [68, 0, 7],
			"translation": [-1, 6, 6.5],
			"scale": [0.8, 0.8, 0.8]
		},
		"firstperson_lefthand": {
			"rotation": [68, 0, 7],
			"translation": [-1, 6, 6.5],
			"scale": [0.8, 0.8, 0.8]
		},
		"ground": {
			"translation": [0, 4.25, 0]
		},
		"gui": {
			"rotation": [90, 0, 0],
			"scale": [1.3, 1.3, 1.3]
		},
		"head": {
			"translation": [0, 14.25, 0]
		},
		"fixed": {
			"rotation": [-90, 180, 0],
			"translation": [0, 0, -24],
			"scale": [3, 3, 3]
		}
	},
	"groups": [
		{
			"name": "group",
			"origin": [7.75, 1.625, 7.875],
			"color": 0,
			"children": [0, 1, 2, 3, 4, 5, 6, 7, 8, 9, 10, 11, 12, 13]
		}
	]
}
